,count,mean,std,min,25%,50%,75%,max
age,45211.0,40.93621021432837,10.61876204097542,18.0,33.0,39.0,48.0,95.0
balance,45211.0,1362.2720576850766,3044.7658291685175,-8019.0,72.0,448.0,1428.0,102127.0
day_of_week,45211.0,15.80641879188693,8.322476153044592,1.0,8.0,16.0,21.0,31.0
campaign,45211.0,2.763840658246887,3.0980208832791694,1.0,1.0,2.0,3.0,63.0
pdays,45211.0,40.19782796222158,100.12874599059835,-1.0,-1.0,-1.0,-1.0,871.0
previous,45211.0,0.5803233726305546,2.3034410449312213,0.0,0.0,0.0,0.0,275.0
subscribed,45211.0,0.11698480458295547,0.3214057326156639,0.0,0.0,0.0,0.0,1.0
previously_contacted,45211.0,1.0,0.0,1.0,1.0,1.0,1.0,1.0
